model_name,datasets_id,accuracy,nofire_as_nofire,fire_as_nofire,nofire_as_fire,fire_as_fire,nofire_precision,nofire_recall,nofire_f1-score,nofire_support,fire_precision,fire_recall,fire_f1-score,fire_support
model_fismo_self_000.h5,fismo_self,0.8689200329760923,760,52,107,294,0.8765859284890427,0.9359605911330049,0.9053007742703991,812,0.8497109826589595,0.7331670822942643,0.7871485943775101,401
model_fismo_self_001.h5,fismo_self,0.8689200329760923,767,45,114,287,0.8706015891032917,0.9445812807881774,0.9060838747784997,812,0.8644578313253012,0.71571072319202,0.7830832196452934,401
model_fismo_self_002.h5,fismo_self,0.8680956306677658,768,44,116,285,0.8687782805429864,0.9458128078817734,0.9056603773584905,812,0.8662613981762918,0.7107231920199502,0.7808219178082192,401
model_fismo_self_003.h5,fismo_self,0.877164056059357,767,45,104,297,0.8805970149253731,0.9445812807881774,0.9114676173499703,812,0.868421052631579,0.7406483790523691,0.7994616419919247,401
model_fismo_self_004.h5,fismo_self,0.8639736191261336,738,74,91,310,0.8902291917973462,0.9088669950738916,0.8994515539305302,812,0.8072916666666666,0.773067331670823,0.7898089171974523,401
